<?xml version="1.0" encoding="UTF-8"?>
<jcr:root xmlns:sling="http://sling.apache.org/jcr/sling/1.0" xmlns:cq="http://www.day.com/jcr/cq/1.0" xmlns:jcr="http://www.jcp.org/jcr/1.0" xmlns:nt="http://www.jcp.org/jcr/nt/1.0"
    jcr:primaryType="nt:unstructured"
    jcr:title="Tabbed Component"
    sling:resourceType="cq/gui/components/authoring/dialog"
    helpPath="http://www.adobe.com/go/aem6_1_docs_component_en#List - Sightly">
    <content
        jcr:primaryType="nt:unstructured"
        sling:resourceType="granite/ui/components/foundation/container">
        <layout
            jcr:primaryType="nt:unstructured"
            sling:resourceType="granite/ui/components/foundation/layouts/tabs"
            type="nav"/>
        <items jcr:primaryType="nt:unstructured">
            <dropdownexample
                jcr:primaryType="nt:unstructured"
                jcr:title="Dropdown Example"
                sling:resourceType="granite/ui/components/foundation/section">
                <layout
                    jcr:primaryType="nt:unstructured"
                    sling:resourceType="granite/ui/components/foundation/layouts/fixedcolumns"
                    margin="{Boolean}false"/>
                <items jcr:primaryType="nt:unstructured">
                    <column
                        jcr:primaryType="nt:unstructured"
                        sling:resourceType="granite/ui/components/foundation/container">
                        <items jcr:primaryType="nt:unstructured">
                            <article-content
                                jcr:primaryType="nt:unstructured"
                                sling:resourceType="granite/ui/components/foundation/form/select"
                                class="cq-dialog-dropdown-showhide"
                                cq-dialog-dropdown-showhide-target=".text-image-hide-show"
                                fieldLabel="Article Section Content"
                                name="./bg-style">
                                <items jcr:primaryType="nt:unstructured">
                                    <select
                                        jcr:primaryType="nt:unstructured"
                                        text="--select any one---"
                                        value="select"/>
                                    <picture
                                        jcr:primaryType="nt:unstructured"
                                        text="Author Picture"
                                        value="picture"/>
                                    <authorname
                                        jcr:primaryType="nt:unstructured"
                                        text="Author Name"
                                        value="authorname"/>
                                </items>
                            </article-content>
                            <author-picture
                                jcr:primaryType="nt:unstructured"
                                sling:resourceType="granite/ui/components/foundation/container"
                                class="hide text-image-hide-show"
                                showhidetargetvalue="picture">
                                <items jcr:primaryType="nt:unstructured">
                                    <heading
                                        jcr:primaryType="nt:unstructured"
                                        sling:resourceType="granite/ui/components/foundation/heading"
                                        class="coral-Heading coral-Heading--4"
                                        level="{Long}4"
                                        text="Author Photo"/>
                                    <well
                                        jcr:primaryType="nt:unstructured"
                                        sling:resourceType="granite/ui/components/foundation/container">
                                        <layout
                                            jcr:primaryType="nt:unstructured"
                                            sling:resourceType="granite/ui/components/foundation/layouts/well"/>
                                        <items jcr:primaryType="nt:unstructured">
                                            <author-picture
                                                jcr:primaryType="nt:unstructured"
                                                sling:resourceType="granite/ui/components/foundation/form/pathbrowser"
                                                showhidetargetvalue="picture"/>
                                        </items>
                                    </well>
                                </items>
                            </author-picture>
                            <author-name
                                jcr:primaryType="nt:unstructured"
                                sling:resourceType="granite/ui/components/foundation/container"
                                class="hide text-image-hide-show"
                                showhidetargetvalue="authorname">
                                <items jcr:primaryType="nt:unstructured">
                                    <heading
                                        jcr:primaryType="nt:unstructured"
                                        sling:resourceType="granite/ui/components/foundation/heading"
                                        class="coral-Heading coral-Heading--4"
                                        level="{Long}4"
                                        text="Select Author Name"/>
                                    <well
                                        jcr:primaryType="nt:unstructured"
                                        sling:resourceType="granite/ui/components/foundation/container">
                                        <layout
                                            jcr:primaryType="nt:unstructured"
                                            sling:resourceType="granite/ui/components/foundation/layouts/well"/>
                                        <items jcr:primaryType="nt:unstructured">
                                            <authore-name
                                                jcr:primaryType="nt:unstructured"
                                                sling:resourceType="granite/ui/components/foundation/form/select"
                                                name="./authorname"
                                                showhidetargetvalue="authorname">
                                                <items jcr:primaryType="nt:unstructured">
                                                    <rathore
                                                        jcr:primaryType="nt:unstructured"
                                                        text="R. C. Rathore"
                                                        value="rathore"/>
                                                    <ramasamy
                                                        jcr:primaryType="nt:unstructured"
                                                        text="Ramasamy Meyyappan"
                                                        value="ramasamy"/>
                                                    <kannan
                                                        jcr:primaryType="nt:unstructured"
                                                        text="Kannan Ram"
                                                        value="kannan"/>
                                                    <kaliappa
                                                        jcr:primaryType="nt:unstructured"
                                                        text="Kaliappa Gownda"
                                                        value="kaliappa"/>
                                                    <buena
                                                        jcr:primaryType="nt:unstructured"
                                                        text="Buena Grace"
                                                        value="buena"/>
                                                    <vandana
                                                        jcr:primaryType="nt:unstructured"
                                                        text="Vandana Madan"
                                                        value="vandana"/>
                                                    <malinda
                                                        jcr:primaryType="nt:unstructured"
                                                        text="Margaret Malinda"
                                                        value="malinda"/>
                                                    <narmatha
                                                        jcr:primaryType="nt:unstructured"
                                                        text="Narmatha Bose"
                                                        value="narmatha"/>
                                                </items>
                                            </authore-name>
                                        </items>
                                    </well>
                                </items>
                            </author-name>
                        </items>
                    </column>
                </items>
            </dropdownexample>
            <checkboxexample
                jcr:primaryType="nt:unstructured"
                jcr:title="Checkbox Example"
                sling:resourceType="granite/ui/components/foundation/section">
                <layout
                    jcr:primaryType="nt:unstructured"
                    sling:resourceType="granite/ui/components/foundation/layouts/fixedcolumns"
                    margin="{Boolean}false"/>
                <items jcr:primaryType="nt:unstructured">
                    <column
                        jcr:primaryType="nt:unstructured"
                        sling:resourceType="granite/ui/components/foundation/container">
                        <items jcr:primaryType="nt:unstructured">
                            <gameinterest
                                jcr:primaryType="nt:unstructured"
                                sling:resourceType="granite/ui/components/foundation/form/checkbox"
                                class="cq-dialog-checkbox-showhide"
                                cq-dialog-checkbox-showhide-target=".button-option-enable-showhide-target"
                                name="./bg-style"
                                text="Interested In Games"
                                uncheckedValue="no-notinterested"
                                value="yes-interested"/>
                            <gamedetails
                                jcr:primaryType="nt:unstructured"
                                sling:resourceType="granite/ui/components/foundation/container"
                                class="hide button-option-enable-showhide-target"
                                showhidetargetvalue="yes-interested">
                                <items jcr:primaryType="nt:unstructured">
                                    <heading
                                        jcr:primaryType="nt:unstructured"
                                        sling:resourceType="granite/ui/components/foundation/heading"
                                        class="coral-Heading coral-Heading--4"
                                        level="{Long}4"
                                        text="Game Details"/>
                                    <well
                                        jcr:primaryType="nt:unstructured"
                                        sling:resourceType="granite/ui/components/foundation/container">
                                        <layout
                                            jcr:primaryType="nt:unstructured"
                                            sling:resourceType="granite/ui/components/foundation/layouts/well"/>
                                        <items jcr:primaryType="nt:unstructured">
                                            <title
                                                jcr:primaryType="nt:unstructured"
                                                sling:resourceType="granite/ui/components/foundation/form/textfield"
                                                fieldLabel="Game Name"
                                                name="./jcr:title"/>
                                            <description
                                                jcr:primaryType="nt:unstructured"
                                                sling:resourceType="granite/ui/components/foundation/form/textarea"
                                                fieldLabel="Game Description"
                                                name="./jcr:description"/>
                                        </items>
                                    </well>
                                </items>
                            </gamedetails>
                        </items>
                    </column>
                </items>
            </checkboxexample>
        </items>
    </content>
</jcr:root>
